{"loss": 0.48108046542514454, "acc": 0.8424242427854827}