{"loss": 0.22535159431322657, "acc": 0.9484848488460887}