{"loss": 0.32766077988075487, "acc": 0.9090909083684285}